578080,PLAYERUNKNOWN'S BATTLEGROUNDS
570,Dota 2
730,Counter-Strike: Global Offensive
440,Team Fortress 2
359550,Tom Clancy's Rainbow Six Siege
230410,Warframe
271590,Grand Theft Auto V
252490,Rust
346110,ARK: Survival Evolved
582010,MONSTER HUNTER: WORLD
560380,MapleStory 2
381210,Dead by Daylight
252950,Rocket League
8930,Sid Meier's Civilization V
218620,PAYDAY 2
4000,Garry's Mod
838350,太吾绘卷 The Scroll Of Taiwu
377160,Fallout 4
232090,Killing Floor 2
304930,Unturned
294100,RimWorld
812140,Assassin's Creed Odyssey
624090,Football Manager 2018
755790,Ring of Elysium
289070,Sid Meier's Civilization VI
582660,Black Desert Online
105600,Terraria
255710,Cities: Skylines
872790,Football Manager 2019
841370,NBA 2K19
236390,War Thunder
306130,The Elder Scrolls Online
238960,Path of Exile
444090,Paladins
431960,Wallpaper Engine
550650,Black Squad
594570,Total War: WARHAMMER II
107410,Arma 3
413150,Stardew Valley
550,Left 4 Dead 2
489830,The Elder Scrolls V: Skyrim Special Edition
322330,Don't Starve Together
292030,The Witcher 3: Wild Hunt
444200,World of Tanks Blitz
227300,Euro Truck Simulator 2
394360,Hearts of Iron IV
304390,For Honor
72850,The Elder Scrolls V: Skyrim
646570,Slay the Spire
236850,Europa Universalis IV
10,Counter-Strike
438100,VRChat
601510,Yu-Gi-Oh! Duel Links
627690,Idle Champions of the Forgotten Realms
281990,Stellaris
251570,7 Days to Die
435150,Divinity: Original Sin 2
427520,Factorio
221380,Age of Empires II: HD Edition
374320,DARK SOULS™ III
39210,FINAL FANTASY XIV Online
480,Spacewar
47890,The Sims(TM) 3
268500,XCOM 2
457140,Oxygen Not Included
391220,Rise of the Tomb Raider
48700,Mount &amp; Blade: Warband
482730,Football Manager 2017
440900,Conan Exiles
250900,The Binding of Isaac: Rebirth
640820,Pathfinder: Kingmaker
386360,SMITE
49520,Borderlands 2
736190,中国式家长/Chinese Parents
447020,Farming Simulator 17
22380,Fallout: New Vegas
544750,SOULCALIBUR VI
242760,The Forest
214950,Total War: ROME II - Emperor Edition
225540,Just Cause 3
291550,Brawlhalla
363970,Clicker Heroes
275850,No Man's Sky
577800,NBA 2K18
638070,Murderous Pursuits
243750,Source SDK Base 2013 Multiplayer
379430,Kingdom Come: Deliverance
203770,Crusader Kings II
268850,EVGA Precision XOC
8500,EVE Online
766570,Russian Fishing 4
610080,Realm Grinder
552990,World of Warships
552500,Warhammer: Vermintide 2
240,Counter-Strike: Source
227940,Heroes &amp; Generals
262060,Darkest Dungeon®
231430,Company of Heroes 2
359320,Elite Dangerous
386180,Crossout
